[{
	"id":1,
	"text":"Folder1",
	"iconCls":"icon-ok",
	"children":[{
		"id":2,
		"text":"File1"
	},{
		"id":3,
		"text":"Folder2",
		"children":[{
			"id":4,
			"text":"File2",
			"attributes":{
				"p1":"value1",
				"p2":"value2"
			},
			"iconCls":"icon-reload"
		},{
			"id": 8,
			"text":"Folder3",
			"children":[{
				"id":9,
				"text":"File31"
			},{
				"id":10,
				"text":"File32"
			}]
		}]
	}]
},{
	"text":"Languages",
	"children":[{
		"id":"j1",
		"text":"Java"
	},{
		"id":"j2",
		"text":"C#"
	}]
}]